{"cameraMode":{"drawMode":0,"name":"Shaded","section":"Shading Mode"},"sceneLighting":false,"audioPlay":false,"sceneViewState":{"showFog":true,"showMaterialUpdate":false,"showSkybox":false,"showFlares":true,"showImageEffects":true,"showParticleSystems":true,"showVisualEffectGraphs":true,"m_FxEnabled":true},"in2DMode":false,"pivot":{"x":0.047693558037281039,"y":0.918968677520752,"z":-0.2559000551700592},"rotation":{"x":-0.17578290402889253,"y":-0.47802475094795229,"z":0.09839566797018051,"w":-0.8550398349761963},"size":0.24324887990951539,"orthographic":false}