{"cameraMode":{"drawMode":0,"name":"Shaded","section":"Shading Mode"},"sceneLighting":true,"audioPlay":false,"sceneViewState":{"showFog":true,"showMaterialUpdate":false,"showSkybox":true,"showFlares":true,"showImageEffects":true,"showParticleSystems":true,"showVisualEffectGraphs":true,"m_FxEnabled":true},"in2DMode":false,"pivot":{"x":33.44997787475586,"y":9.064225196838379,"z":25.966835021972658},"rotation":{"x":-0.0039106872864067558,"y":0.11396089196205139,"z":-0.00028120679780840874,"w":-0.9935768246650696},"size":21.164491653442384,"orthographic":false}