{"cameraMode":{"drawMode":0,"name":"Shaded","section":"Shading Mode"},"sceneLighting":false,"audioPlay":false,"sceneViewState":{"showFog":true,"showMaterialUpdate":false,"showSkybox":false,"showFlares":true,"showImageEffects":true,"showParticleSystems":true,"showVisualEffectGraphs":true,"m_FxEnabled":true},"in2DMode":false,"pivot":{"x":0.05296432971954346,"y":0.36688047647476199,"z":1.3783574104309083e-7},"rotation":{"x":0.28800466656684878,"y":-0.4133705496788025,"z":0.13965782523155213,"w":0.8524648547172546},"size":1.981389045715332,"orthographic":false}