{"cameraMode":{"drawMode":0,"name":"Shaded","section":"Shading Mode"},"sceneLighting":false,"audioPlay":false,"sceneViewState":{"showFog":true,"showMaterialUpdate":false,"showSkybox":false,"showFlares":true,"showImageEffects":true,"showParticleSystems":true,"showVisualEffectGraphs":true,"m_FxEnabled":true},"in2DMode":false,"pivot":{"x":0.13497322797775269,"y":0.18280468881130219,"z":0.4730902314186096},"rotation":{"x":-0.07762572914361954,"y":-0.7638482451438904,"z":0.09348633885383606,"w":-0.6339117884635925},"size":1.207395076751709,"orthographic":false}