{"cameraMode":{"drawMode":0,"name":"Shaded","section":"Shading Mode"},"sceneLighting":false,"audioPlay":false,"sceneViewState":{"showFog":true,"showMaterialUpdate":false,"showSkybox":false,"showFlares":true,"showImageEffects":true,"showParticleSystems":true,"showVisualEffectGraphs":true,"m_FxEnabled":true},"in2DMode":false,"pivot":{"x":0.0031531453132629396,"y":0.7946349382400513,"z":0.0011920928955078126},"rotation":{"x":0.1501549631357193,"y":-0.7665917873382568,"z":0.19395558536052705,"w":0.5934720635414124},"size":1.0752860307693482,"orthographic":false}