{"cameraMode":{"drawMode":0,"name":"Shaded","section":"Shading Mode"},"sceneLighting":false,"audioPlay":false,"sceneViewState":{"showFog":true,"showMaterialUpdate":false,"showSkybox":false,"showFlares":true,"showImageEffects":true,"showParticleSystems":true,"showVisualEffectGraphs":true,"m_FxEnabled":true},"in2DMode":false,"pivot":{"x":0.0446709543466568,"y":-0.22776800394058228,"z":0.40239837765693667},"rotation":{"x":-0.07762572914361954,"y":-0.7638482451438904,"z":0.09348633885383606,"w":-0.6339117884635925},"size":0.44735831022262576,"orthographic":false}