{"cameraMode":{"drawMode":0,"name":"Shaded","section":"Shading Mode"},"sceneLighting":false,"audioPlay":false,"sceneViewState":{"showFog":true,"showMaterialUpdate":false,"showSkybox":false,"showFlares":true,"showImageEffects":true,"showParticleSystems":true,"showVisualEffectGraphs":true,"m_FxEnabled":true},"in2DMode":false,"pivot":{"x":0.5910359025001526,"y":0.4693834185600281,"z":-7.237127780914307},"rotation":{"x":0.005431053694337606,"y":-0.9905547499656677,"z":0.13122683763504029,"w":0.04102489724755287},"size":1.5113575458526612,"orthographic":false}