{"cameraMode":{"drawMode":0,"name":"Shaded","section":"Shading Mode"},"sceneLighting":false,"audioPlay":false,"sceneViewState":{"showFog":true,"showMaterialUpdate":false,"showSkybox":false,"showFlares":true,"showImageEffects":true,"showParticleSystems":true,"showVisualEffectGraphs":true,"m_FxEnabled":true},"in2DMode":false,"pivot":{"x":26.11838722229004,"y":0.05873047560453415,"z":22.643827438354493},"rotation":{"x":-0.012877927161753178,"y":-0.7641216516494751,"z":0.015456284396350384,"w":-0.6449123620986939},"size":0.6822766065597534,"orthographic":false}